,country,year,coal_electricity,gas_electricity,nuclear_electricity,oil_electricity,solar_electricity,wind_electricity,growth_gdp
0,Argentina,1990,0.66,19.85,7.281,4.944,0.0,0.0,1.0
1,Argentina,1991,0.926,20.967,7.756,7.619,0.0,0.0,1.1101302831870992
2,Argentina,1992,0.834,20.795,7.081,7.661,0.0,0.0,1.2300468230142296
3,Argentina,1993,1.18,21.994,7.75,6.693,0.0,0.0,1.312999831203058
4,Argentina,1994,2.348,22.719,8.235,4.557,0.0,0.0,1.39608894099507
5,Argentina,1995,1.908,26.501,7.066,4.585,0.0,0.0,1.3626551517165295
6,Argentina,1996,1.917,32.545,7.459,4.624,0.0,0.01,1.4447373804939414
7,Argentina,1997,1.896,32.188,7.961,2.042,0.0,0.015,1.5690763034727189
8,Argentina,1998,1.808,34.263,7.453,3.81,0.0,0.033,1.6370925718221316
9,Argentina,1999,2.106,45.732,7.106,3.831,0.0,0.035,1.5889851531239767
10,Argentina,2000,1.67,45.76,5.99,2.94,0.0,0.04,1.5837024375922881
11,Argentina,2001,1.27,40.29,6.54,1.37,0.0,0.05,1.520943250854988
12,Argentina,2002,0.76,38.13,5.39,0.81,0.0,0.07,1.3614814083952538
13,Argentina,2003,0.88,44.87,7.03,0.99,0.0,0.08,1.4887064205229996
14,Argentina,2004,1.58,51.92,7.31,3.86,0.0,0.07,1.63062992213576
15,Argentina,2005,2.05,52.39,6.37,5.45,0.0,0.08,1.783212878094268
16,Argentina,2006,1.96,55.57,7.15,8.06,0.0,0.07,1.9356362266289993
17,Argentina,2007,2.31,59.4,6.72,11.26,0.0,0.06,2.1197997845783436
18,Argentina,2008,1.81,61.08,6.85,13.74,0.0,0.04,2.215973607703331
19,Argentina,2009,1.66,58.33,7.59,14.03,0.0,0.04,2.0945334457356526
20,Argentina,2010,2.82,59.69,6.69,16.09,0.0,0.03,2.3172947218792275
21,Argentina,2011,2.72,63.35,5.89,18.4,0.0,0.06,2.4678010401567443
22,Argentina,2012,2.46,71.02,5.9,18.41,0.01,0.82,2.4425149680325675
23,Argentina,2013,2.21,69.51,5.73,19.9,0.01,1.01,2.501261140477265
24,Argentina,2014,2.38,71.28,5.26,18.52,0.02,0.62,2.4383133267845922
25,Argentina,2015,2.23,73.99,6.64,21.0,0.01,0.59,2.502884299611187
26,Argentina,2016,1.81,79.06,7.82,19.89,0.01,0.54,2.44537300496766
27,Argentina,2017,1.89,85.6,5.77,11.85,0.02,0.61,2.510640059625464
28,Argentina,2018,1.91,89.69,6.51,6.87,0.11,1.4,2.448326032502843
29,Australia,1990,123.363,12.566,0.0,3.474,0.0,0.0,1.0
30,Australia,1991,127.222,11.203,0.0,2.879,0.005,0.0,0.9932502960783518
31,Australia,1992,130.002,11.964,0.0,2.391,0.012,0.0,1.029531446080205
32,Australia,1993,133.277,12.247,0.0,2.371,0.015,0.002,1.079080153837193
33,Australia,1994,136.894,13.556,0.0,2.529,0.017,0.005,1.1361874286279086
34,Australia,1995,141.935,13.679,0.0,2.772,0.021,0.007,1.1832138841773259
35,Australia,1996,148.431,11.936,0.0,2.49,0.026,0.007,1.2378929458339878
36,Australia,1997,157.474,12.18,0.0,1.998,0.031,0.007,1.2940609594880095
37,Australia,1998,165.946,14.467,0.0,1.775,0.036,0.018,1.3666344142767128
38,Australia,1999,171.161,16.123,0.0,1.757,0.041,0.043,1.4310589456257181
39,Australia,2000,180.26,16.76,0.0,2.27,0.05,0.13,1.490696097413749
40,Australia,2001,179.88,24.5,0.0,2.62,0.05,0.29,1.537533910016891
41,Australia,2002,171.86,30.55,0.0,3.13,0.06,0.53,1.60875805942041
42,Australia,2003,173.61,30.15,0.0,3.53,0.06,0.7,1.66732943504191
43,Australia,2004,178.96,27.36,0.0,3.53,0.07,0.8,1.7439256724199705
44,Australia,2005,182.98,23.26,0.0,3.78,0.08,1.3,1.811006878195749
45,Australia,2006,185.76,27.29,0.0,3.8,0.1,2.16,1.8719467394316354
46,Australia,2007,185.49,33.4,0.0,4.01,0.11,2.85,1.9689803785213909
47,Australia,2008,184.24,36.31,0.0,5.71,0.14,3.46,2.0298095391061697
48,Australia,2009,182.02,41.12,0.0,6.6,0.29,4.44,2.078994657352186
49,Australia,2010,176.02,46.79,0.0,6.0,0.98,4.99,2.1417568433370455
50,Australia,2011,171.98,48.78,0.0,4.91,2.04,6.43,2.2106324162994
51,Australia,2012,165.38,49.81,0.0,5.2,2.41,7.72,2.292778371013091
52,Australia,2013,155.45,52.72,0.0,5.86,3.85,9.26,2.3422203317136536
53,Australia,2014,155.23,53.66,0.0,6.0,4.95,9.78,2.4076369329283254
54,Australia,2015,162.2,49.71,0.0,6.28,6.2,11.83,2.467779580036465
55,Australia,2016,162.36,48.11,0.0,6.02,7.44,13.04,2.53477380672923
56,Australia,2017,159.17,55.09,0.0,5.52,8.92,13.21,2.5969576382919763
57,Australia,2018,156.56,51.46,0.0,5.12,12.33,16.26,2.6685239148353346
58,Brazil,1990,4.621,0.326,2.237,5.07,0.0,0.0,1.0
59,Brazil,1991,5.534,0.373,1.442,5.246,0.0,0.0,1.0229364766799736
60,Brazil,1992,5.007,0.39,1.759,6.333,0.0,0.0,1.0299584563276207
61,Brazil,1993,4.909,0.388,0.442,6.216,0.0,0.0,1.0939978935166708
62,Brazil,1994,4.971,0.479,0.055,6.442,0.0,0.0,1.172478992107653
63,Brazil,1995,5.442,0.56,2.519,7.581,0.0,0.0,1.2370230477050146
64,Brazil,1996,6.026,0.974,2.427,9.328,0.0,0.002,1.2800471846958656
65,Brazil,1997,7.31,1.177,3.169,9.969,0.0,0.004,1.3399323652119342
66,Brazil,1998,6.974,1.321,3.265,11.21,0.0,0.005,1.3611888075548584
67,Brazil,1999,9.715,2.653,3.977,16.637,0.0,0.002,1.3845489691035107
68,Brazil,2000,10.31,3.84,4.94,14.72,0.0,0.0,1.4631189619101554
69,Brazil,2001,10.43,9.34,14.27,15.39,0.0,0.04,1.5018275279734838
70,Brazil,2002,8.61,11.71,13.84,13.15,0.0,0.06,1.5669659807143779
71,Brazil,2003,8.52,12.39,13.4,10.67,0.0,0.06,1.6044712684828655
72,Brazil,2004,9.79,18.18,11.6,12.15,0.0,0.06,1.7179329043266054
73,Brazil,2005,10.04,17.69,9.2,11.79,0.0,0.09,1.7949602950226538
74,Brazil,2006,9.86,17.21,12.98,12.33,0.0,0.24,1.8893249324614034
75,Brazil,2007,9.47,14.56,11.65,13.61,0.0,0.64,2.0288096865505927
76,Brazil,2008,11.4,27.42,13.21,17.1,0.0,0.84,2.1586339391481504
77,Brazil,2009,9.5,12.71,12.22,14.11,0.0,1.24,2.182650193079563
78,Brazil,2010,10.79,34.85,13.77,15.38,0.0,2.18,2.3760143504453226
79,Brazil,2011,12.08,24.06,14.8,14.14,0.0,2.7,2.5011656862135907
80,Brazil,2012,13.91,44.96,15.17,18.34,0.0,5.05,2.5492103562203505
81,Brazil,2013,21.06,66.14,14.65,24.79,0.0,6.58,2.6258718875138785
82,Brazil,2014,25.8,77.75,14.46,33.04,0.02,12.21,2.6390872731124406
83,Brazil,2015,25.72,75.76,13.91,27.37,0.06,21.47,2.7589832359219315
84,Brazil,2016,24.58,54.07,14.97,14.41,0.08,33.24,2.43702895187307
85,Brazil,2017,21.85,62.72,14.86,17.33,0.83,42.06,2.469051434591216
86,Brazil,2018,19.94,52.36,14.79,14.39,3.44,48.12,2.50144541552407
87,Canada,1990,82.22,9.654,72.46,16.468,0.0,0.002,1.0
88,Canada,1991,88.485,8.622,84.339,14.135,0.0,0.002,0.9815245785631083
89,Canada,1992,90.03,13.122,80.022,15.594,0.002,0.059,0.9929854262588232
90,Canada,1993,82.384,15.299,93.284,12.008,0.002,0.059,1.0222483025836884
91,Canada,1994,86.651,15.437,107.084,10.068,0.002,0.059,1.0711878892145754
92,Canada,1995,91.604,19.975,97.164,6.303,0.004,0.059,1.102986532379023
93,Canada,1996,89.621,18.622,92.122,7.422,0.006,0.062,1.1239325763687413
94,Canada,1997,96.926,22.826,81.955,12.025,0.007,0.062,1.175340120202576
95,Canada,1998,105.994,26.424,70.993,16.858,0.01,0.062,1.22441077933341
96,Canada,1999,106.186,27.875,72.98,14.82,0.013,0.162,1.2912779012157052
97,Canada,2000,109.27,33.68,69.16,12.7,0.02,0.26,1.3620591677884
98,Canada,2001,105.1,39.79,72.86,15.13,0.02,0.34,1.3900451847357922
99,Canada,2002,104.12,36.52,71.75,14.59,0.02,0.41,1.435980294911557
100,Canada,2003,102.9,36.37,71.15,18.17,0.02,0.83,1.4660407379914817
101,Canada,2004,93.25,37.74,85.87,17.97,0.01,0.95,1.5156178135993834
102,Canada,2005,99.24,35.58,86.83,16.06,0.02,1.57,1.5685022748369257
103,Canada,2006,91.36,38.5,92.44,9.99,0.02,2.47,1.6141564257783547
104,Canada,2007,98.43,39.77,88.19,11.3,0.03,3.01,1.6521547511547041
105,Canada,2008,94.8,37.27,88.3,9.43,0.04,3.79,1.673335189148514
106,Canada,2009,78.64,42.02,85.13,9.32,0.1,6.64,1.62860450354762
107,Canada,2010,76.99,47.01,85.53,6.32,0.25,8.64,1.6835252920929495
108,Canada,2011,70.71,55.34,88.29,5.49,0.57,10.09,1.7411305583225982
109,Canada,2012,62.1,56.63,89.49,5.71,0.87,11.2,1.7701036954370544
110,Canada,2013,63.17,53.99,97.58,5.96,1.48,17.78,1.812084994244804
111,Canada,2014,61.36,57.53,101.21,4.21,2.1,22.32,1.8567023240831844
112,Canada,2015,59.27,62.02,96.05,4.56,2.87,26.7,1.872221402148068
113,Canada,2016,58.81,59.53,95.69,4.38,3.99,30.62,1.8973120652001023
114,Canada,2017,55.78,54.58,95.57,3.49,3.54,31.2,1.9574757537433076
115,Canada,2018,46.84,62.5,95.03,3.55,3.76,32.85,1.9968994141639358
116,China,1985,260.645,0.972,0.0,56.685,0.0,0.0,1.0
117,China,1986,299.61,1.693,0.0,53.678,0.0,0.0,1.064978753153267
118,China,1987,339.862,2.737,0.0,54.644,0.0,0.0,1.1542619828911005
119,China,1988,373.653,2.053,0.0,60.336,0.0,0.0,1.2186200106146143
120,China,1989,405.06,3.709,0.0,57.632,0.0,0.0,1.2281005963744798
121,China,1990,441.251,2.771,0.0,50.366,0.002,0.002,1.2297576418604734
122,China,1991,498.434,2.429,0.0,51.923,0.002,0.009,1.2747416651802461
123,China,1992,567.33,2.467,0.0,53.21,0.003,0.131,1.364141840427091
124,China,1993,589.228,3.124,1.604,65.454,0.004,0.212,1.4989679177899737
125,China,1994,693.408,3.154,14.756,48.199,0.005,0.384,1.6125242926201384
126,China,1995,741.886,2.999,12.833,55.094,0.007,0.616,1.7473919865851693
127,China,1996,824.184,2.828,14.338,50.351,0.009,0.094,1.8627669212199627
128,China,1997,867.026,8.077,14.418,47.115,0.011,0.198,1.9222542827721456
129,China,1998,891.674,6.092,14.1,53.392,0.014,0.356,1.9394608907267068
130,China,1999,969.684,4.813,14.949,50.261,0.017,0.474,2.026576152620365
131,China,2000,1060.26,5.77,16.74,47.27,0.02,0.59,2.16250930778639
132,China,2001,1129.14,4.93,17.47,48.52,0.03,0.72,2.2994869730035865
133,China,2002,1282.57,4.19,25.13,50.71,0.05,0.84,2.4755907200500693
134,China,2003,1519.97,5.16,43.34,54.83,0.06,1.0,2.6333024049920115
135,China,2004,1722.42,7.46,50.47,65.53,0.08,1.28,2.8448534024238765
136,China,2005,1980.15,12.14,53.09,50.51,0.08,1.95,3.1253032083733747
137,China,2006,2302.42,23.82,54.84,37.92,0.09,3.71,3.447391329480925
138,China,2007,2656.7,33.91,62.13,28.09,0.11,5.48,3.762961738343566
139,China,2008,2708.91,34.57,68.39,18.81,0.15,13.1,3.9231485159395874
140,China,2009,2911.52,56.56,70.05,12.12,0.28,27.61,4.204110291804758
141,China,2010,3233.6,77.73,74.74,34.71,0.7,49.4,4.67138835746509
142,China,2011,3690.87,108.77,87.2,33.8,2.61,74.1,4.967228116214504
143,China,2012,3748.19,110.25,98.32,31.22,3.59,103.05,5.216065684521205
144,China,2013,4077.37,116.39,111.5,33.0,8.37,138.26,5.559840150345451
145,China,2014,4203.06,133.28,133.22,35.66,23.51,159.76,5.892763825211413
146,China,2015,4046.17,166.91,171.38,36.46,39.48,185.59,6.070805172686519
147,China,2016,4156.35,188.28,213.18,52.56,66.53,240.86,6.268622881874465
148,China,2017,4430.03,203.2,248.1,56.05,117.8,304.6,6.38473110675306
149,China,2018,4763.92,215.5,295.0,56.4,176.9,365.8,6.594177846882712
150,Egypt,1990,0.0,16.446,0.0,15.554,0.0,0.0,1.0
151,Egypt,1991,0.0,20.406,0.0,12.953,0.0,0.0,1.0585289507444202
152,Egypt,1992,0.0,22.944,0.0,12.243,0.0,0.0,1.1149712726509902
153,Egypt,1993,0.0,26.173,0.0,10.472,0.0,0.0,1.1842487155213062
154,Egypt,1994,0.0,29.292,0.0,8.531,0.0,0.0,1.2554431116418654
155,Egypt,1995,0.0,30.45,0.0,9.01,0.0,0.0,1.342132316918352
156,Egypt,1996,0.0,31.514,0.0,10.573,0.0,0.0,1.441657361818422
157,Egypt,1997,0.0,32.68,0.0,12.333,0.0,0.0,1.5548495920419634
158,Egypt,1998,0.0,32.529,0.0,16.063,0.0,0.0,1.6688869662342707
159,Egypt,1999,0.0,37.227,0.0,15.052,0.0,0.012,1.7974314953679857
160,Egypt,2000,0.0,43.41,0.0,17.36,0.0,0.14,1.9472809828449429
161,Egypt,2001,0.0,47.04,0.0,17.13,0.0,0.22,2.0842306699727895
162,Egypt,2002,0.0,57.33,0.0,14.55,0.0,0.2,2.1983791489759565
163,Egypt,2003,0.0,62.61,0.0,14.61,0.0,0.37,2.315832600839294
164,Egypt,2004,0.0,72.92,0.0,10.25,0.0,0.52,2.4599240419671475
165,Egypt,2005,0.0,75.37,0.0,14.72,0.0,0.55,2.6289444992662125
166,Egypt,2006,0.0,81.21,0.0,14.87,0.0,0.62,2.847059772160397
167,Egypt,2007,0.0,87.18,0.0,15.42,0.0,0.83,3.120984443242366
168,Egypt,2008,0.0,91.56,0.0,17.29,0.0,0.91,3.3893518615337968
169,Egypt,2009,0.0,97.38,0.0,20.43,0.0,1.13,3.632974384304354
170,Egypt,2010,0.0,123.33,0.0,22.34,0.21,1.5,3.926189610205372
171,Egypt,2011,0.0,124.16,0.0,18.37,0.22,1.52,4.032355790662725
172,Egypt,2012,0.0,128.34,0.0,21.71,0.24,1.12,4.148472822692461
173,Egypt,2013,0.0,125.91,0.0,27.66,0.11,1.33,4.259462360514414
174,Egypt,2014,0.0,127.39,0.0,32.54,0.24,1.44,4.467968576454878
175,Egypt,2015,0.0,133.29,0.0,37.39,0.17,2.06,4.643584606277537
176,Egypt,2016,0.0,139.85,0.0,34.23,0.58,2.2,4.844772277897998
177,Egypt,2017,0.0,155.01,0.0,26.3,0.6,2.33,5.083826711278195
178,Egypt,2018,0.0,166.61,0.0,15.7,1.52,3.02,5.359387339613989
179,France,1990,31.47,3.03,314.08,12.84,0.0,0.0,1.0
180,France,1991,39.61,3.05,331.34,17.91,0.0,0.0,1.0118584275247022
181,France,1992,34.23,3.18,338.45,13.06,0.0,0.0,1.0285119913253526
182,France,1993,20.96,3.5,368.19,10.15,0.0,0.0,1.0226476643867626
183,France,1994,20.9,3.63,359.98,9.14,0.0,0.0,1.047079556212577
184,France,1995,24.18,3.84,377.23,10.5,0.0,0.0,1.0693455899469964
185,France,1996,28.04,4.12,397.34,11.19,0.0,0.01,1.0846370911989915
186,France,1997,22.18,4.9,395.48,11.96,0.0,0.01,1.1105393504941092
187,France,1998,33.53,4.97,387.99,16.0,0.0,0.02,1.1505951083025174
188,France,1999,29.28,7.7,394.24,14.61,0.0,0.04,1.1919403515455962
189,France,2000,27.0,11.51,415.16,12.1,0.01,0.05,1.2418653151408836
190,France,2001,20.48,15.15,421.08,10.85,0.01,0.13,1.269957865220294
191,France,2002,23.66,18.37,436.76,10.64,0.01,0.27,1.2879118090334314
192,France,2003,26.26,19.37,441.07,11.75,0.01,0.39,1.3022697410951647
193,France,2004,24.37,21.05,448.24,11.11,0.01,0.59,1.342473617097566
194,France,2005,27.51,23.07,451.53,12.77,0.01,0.96,1.3680153139312652
195,France,2006,22.89,21.76,450.19,12.25,0.01,2.18,1.4035125721024788
196,France,2007,24.45,21.99,439.73,11.74,0.02,4.07,1.4386463038462507
197,France,2008,23.06,21.88,439.45,10.63,0.04,5.69,1.4432997305033919
198,France,2009,21.67,20.5,409.74,9.15,0.17,7.91,1.4022149958416357
199,France,2010,23.36,23.76,428.52,10.51,0.62,9.94,1.4309263739624718
200,France,2011,17.39,29.49,442.39,12.11,2.33,12.37,1.4618243579368682
201,France,2012,21.46,22.75,425.41,12.21,4.43,15.18,1.4639970251393986
202,France,2013,23.84,18.39,423.68,11.12,5.19,16.13,1.4763998611261757
203,France,2014,11.26,13.16,436.48,11.26,6.39,17.32,1.4817518224786221
204,France,2015,11.89,21.14,437.43,11.62,7.75,21.42,1.4992429069489301
205,France,2016,10.23,34.97,403.2,11.25,8.66,21.38,1.515327148951469
206,France,2017,12.81,40.5,398.36,11.78,9.59,24.61,1.5500497705970404
207,France,2018,8.31,30.61,412.94,10.35,10.92,28.6,1.577839916034848
208,Germany,1990,310.04,40.46,152.47,24.75,0.0,0.07,1.0
209,Germany,1991,307.67,36.11,147.23,27.84,0.0,0.22,1.0620187745555039
210,Germany,1992,295.67,32.89,158.8,26.57,0.0,0.29,1.0947129711327162
211,Germany,1993,293.25,34.57,153.28,20.87,0.0,0.67,1.0965269309366052
212,Germany,1994,290.29,40.25,150.7,20.53,0.01,1.43,1.1362475392471865
213,Germany,1995,289.14,43.18,153.09,21.47,0.01,1.71,1.1691099046081108
214,Germany,1996,295.99,48.02,160.02,20.11,0.01,2.08,1.1920362651494973
215,Germany,1997,284.34,49.73,170.33,20.55,0.02,3.03,1.2278242210910968
216,Germany,1998,292.26,53.83,161.64,19.74,0.04,4.59,1.266356852858427
217,Germany,1999,281.27,55.06,170.0,17.49,0.03,5.53,1.3061733160751148
218,Germany,2000,296.68,49.2,169.61,18.05,0.06,9.35,1.3601052921272558
219,Germany,2001,293.74,55.5,171.3,20.52,0.12,10.46,1.3988568164413664
220,Germany,2002,299.6,56.3,164.84,18.53,0.19,15.86,1.4147336144036757
221,Germany,2003,304.63,62.59,165.06,21.75,0.31,19.09,1.4206532076147034
222,Germany,2004,298.77,62.67,167.07,21.9,0.56,26.02,1.4535770917959645
223,Germany,2005,288.14,72.19,163.05,24.45,1.28,27.77,1.480428561172338
224,Germany,2006,288.93,74.73,167.27,23.92,2.22,31.32,1.5526274649147633
225,Germany,2007,297.1,77.45,140.53,25.28,3.08,40.51,1.6214466053056535
226,Germany,2008,275.21,88.48,148.49,24.52,4.42,41.38,1.6575807834454286
227,Germany,2009,253.45,80.27,134.93,22.07,6.58,39.42,1.582220098471732
228,Germany,2010,262.89,88.76,140.56,25.34,11.73,38.55,1.6654497298894586
229,Germany,2011,262.46,85.67,107.97,23.12,19.6,49.86,1.7459926926566558
230,Germany,2012,276.23,75.95,99.46,23.66,26.38,51.68,1.75457931531764
231,Germany,2013,288.2,67.0,97.29,24.27,31.01,52.74,1.7631512410934274
232,Germany,2014,274.41,60.61,97.13,23.27,36.06,58.5,1.791275356679097
233,Germany,2015,272.2,61.47,91.79,24.42,38.73,80.62,1.8221117629186923
234,Germany,2016,261.75,80.62,84.63,24.3,38.1,79.92,1.8533023250732503
235,Germany,2017,241.26,86.04,76.32,24.1,39.4,105.69,1.8989867473113804
236,Germany,2018,228.16,81.56,76.0,22.9,43.46,109.95,1.9279928060697875
237,India,1985,116.039,2.158,4.508,11.868,0.0,0.0,1.0
238,India,1986,129.902,3.682,5.02,11.504,0.0,0.0,1.0419721076853448
239,India,1987,152.8,4.235,5.321,12.351,0.0,0.0,1.0880054689704761
240,India,1988,164.676,3.604,6.077,12.333,0.0,0.0,1.2013629630467002
241,India,1989,184.975,7.275,4.022,12.805,0.0,0.0,1.2811704267016246
242,India,1990,191.633,9.958,6.395,13.312,0.0,0.03,1.3483697049880838
243,India,1991,214.118,13.355,5.414,13.444,0.0,0.113,1.3571627121668646
244,India,1992,229.412,16.258,6.404,14.811,0.0,0.088,1.4187281958816786
245,India,1993,252.784,17.878,6.227,14.208,0.0,0.095,1.487656259904081
246,India,1994,264.609,21.882,4.945,15.747,0.0,0.191,1.5705565220480742
247,India,1995,296.292,29.434,7.615,16.826,0.001,0.496,1.6718318951682416
248,India,1996,312.234,32.024,8.401,19.848,0.006,0.878,1.7894139529400461
249,India,1997,325.827,40.179,10.072,20.889,0.006,0.988,1.8505421935553679
250,India,1998,336.484,50.175,11.371,21.038,0.006,1.079,1.9571031413272246
251,India,1999,365.436,59.009,12.728,24.802,0.006,1.446,2.0647781909763196
252,India,2000,390.23,55.96,15.77,29.16,0.01,1.58,2.1355391029774116
253,India,2001,408.29,55.93,18.89,26.79,0.01,2.09,2.238470488916917
254,India,2002,426.7,62.88,19.35,27.93,0.01,2.09,2.302152746011822
255,India,2003,441.47,72.8,18.14,31.09,0.02,2.6,2.474167330471403
256,India,2004,463.01,76.58,21.26,28.27,0.02,5.23,2.659949824032867
257,India,2005,478.48,75.47,17.73,25.37,0.02,5.99,2.8564385156666665
258,India,2006,505.46,74.7,17.63,19.08,0.01,9.34,3.0987666756968335
259,India,2007,533.27,90.05,17.83,13.36,0.06,11.68,3.3540383215517244
260,India,2008,573.12,85.88,15.23,15.27,0.06,14.38,3.5436946355560597
261,India,2009,611.11,104.37,16.82,13.08,0.08,16.27,3.8085097277505637
262,India,2010,642.97,118.03,23.08,10.78,0.11,19.46,4.092496900338046
263,India,2011,701.25,117.56,32.22,9.35,0.83,23.95,4.3706041020104704
264,India,2012,787.13,96.25,33.14,10.07,2.1,27.43,4.5813859596920805
265,India,2013,847.97,66.31,33.31,10.65,3.43,30.01,4.867022786300362
266,India,2014,949.93,64.01,34.69,11.55,4.91,33.45,5.201556149402293
267,India,2015,1006.55,64.77,38.31,9.26,6.57,32.74,5.590329862169509
268,India,2016,1073.6,72.62,37.9,9.41,11.56,43.45,5.981402432008294
269,India,2017,1115.24,74.99,37.41,8.79,21.54,52.63,6.372745099384993
270,India,2018,1198.86,71.26,39.05,6.4,36.33,60.31,6.804063817305864
271,Indonesia,1985,5.212,1.815,0.0,6.576,0.0,0.0,1.0
272,Indonesia,1986,5.349,1.862,0.0,6.749,0.0,0.0,1.0587054799830709
273,Indonesia,1987,6.183,2.153,0.0,7.801,0.0,0.0,1.1109757260021174
274,Indonesia,1988,7.576,2.638,0.0,9.559,0.0,0.0,1.1745379119964312
275,Indonesia,1989,8.509,2.963,0.0,10.736,0.0,0.0,1.2800355613624146
276,Indonesia,1990,9.768,3.401,0.0,12.324,0.0,0.0,1.3935003285422511
277,Indonesia,1991,11.046,4.35,0.0,14.244,0.0,0.0,1.5251632861342461
278,Indonesia,1992,11.362,3.249,0.0,14.94,0.0,0.0,1.6324864102977978
279,Indonesia,1993,10.681,4.317,0.0,14.724,0.0,0.0,1.7700276687226506
280,Indonesia,1994,12.805,12.333,0.0,11.201,0.0,0.0,1.91256353193723
281,Indonesia,1995,14.367,20.667,0.0,8.579,0.0,0.0,2.079353311921953
282,Indonesia,1996,16.671,21.856,0.0,9.172,0.0,0.0,2.2521028610501403
283,Indonesia,1997,20.473,29.615,0.0,12.006,0.0,0.0,2.3687980183246506
284,Indonesia,1998,22.437,31.073,0.0,9.53,0.0,0.0,2.0674483896345874
285,Indonesia,1999,26.335,33.498,0.0,9.815,0.0,0.0,2.0932743524794453
286,Indonesia,2000,34.0,31.93,0.0,12.51,0.0,0.0,2.2075344842267945
287,Indonesia,2001,37.71,33.09,0.0,13.17,0.0,0.0,2.2985293762526866
288,Indonesia,2002,42.93,29.26,0.0,19.85,0.0,0.0,2.4130059518892133
289,Indonesia,2003,46.46,27.95,0.0,23.16,0.0,0.0,2.54015065918158
290,Indonesia,2004,48.21,26.76,0.0,28.84,0.0,0.0,2.6798376734378992
291,Indonesia,2005,51.83,21.7,0.0,36.7,0.0,0.0,2.845659620060269
292,Indonesia,2006,58.67,23.95,0.0,34.2,0.0,0.0,3.0160066801472785
293,Indonesia,2007,63.9,24.8,0.0,35.41,0.0,0.0,3.2223632419049606
294,Indonesia,2008,61.49,27.76,0.0,40.31,0.0,0.0,3.478113239680787
295,Indonesia,2009,65.91,40.4,0.0,29.77,0.0,0.0,3.6582169243107283
296,Indonesia,2010,68.48,38.83,0.0,35.62,0.0,0.0,3.9094184230226143
297,Indonesia,2011,81.09,39.16,0.0,41.17,0.0,0.0,4.169826984693871
298,Indonesia,2012,102.17,48.92,0.0,26.76,0.0,0.0,4.421151257802084
299,Indonesia,2013,111.25,58.05,0.0,20.38,0.01,0.0,4.66692119688514
300,Indonesia,2014,119.53,60.54,0.0,23.06,0.01,0.0,4.90039031073615
301,Indonesia,2015,124.66,54.14,0.0,30.92,0.01,0.0,5.139607706571734
302,Indonesia,2016,135.38,61.79,0.0,20.8,0.02,0.01,5.397462916667196
303,Indonesia,2017,147.96,55.83,0.0,18.85,0.03,0.0,5.671114590707528
304,Indonesia,2018,160.01,57.45,0.0,17.95,0.09,0.19,5.964311033554522
305,Iran,1990,0.065,30.322,0.0,19.887,0.0,0.0,1.0
306,Iran,1991,0.094,35.002,0.0,22.111,0.0,0.0,1.1617718975407918
307,Iran,1992,0.083,37.159,0.0,20.732,0.0,0.0,1.305636738059827
308,Iran,1993,0.096,40.284,0.0,23.773,0.0,0.0,1.3036753596109139
309,Iran,1994,0.095,47.248,0.0,26.765,0.0,0.0,1.3168476574939154
310,Iran,1995,0.091,46.6,0.0,29.339,0.0,0.0,1.3759091940322157
311,Iran,1996,0.092,49.094,0.0,31.74,0.0,0.0,1.5233434696427735
312,Iran,1997,0.096,58.892,0.0,32.054,0.0,0.0,1.6171273620164655
313,Iran,1998,0.112,71.755,0.0,23.03,0.0,0.0,1.708130774339618
314,Iran,1999,0.417,77.151,0.0,27.342,0.0,0.035,1.78268445348041
315,Iran,2000,0.48,81.56,0.0,33.49,0.0,0.04,1.8861324277704354
316,Iran,2001,0.47,89.5,0.0,33.47,0.0,0.03,2.018075178114214
317,Iran,2002,0.52,98.04,0.0,31.63,0.0,0.03,2.2233063780553617
318,Iran,2003,0.47,109.85,0.0,31.71,0.0,0.03,2.4736808693321506
319,Iran,2004,0.48,114.61,0.0,35.69,0.0,0.05,2.6999778273589814
320,Iran,2005,0.57,124.58,0.0,37.4,0.0,0.07,2.887176033792957
321,Iran,2006,0.56,125.12,0.0,49.11,0.0,0.13,3.159537348038956
322,Iran,2007,0.57,138.75,0.0,45.7,0.0,0.14,3.48309657651336
323,Iran,2008,0.39,135.06,0.0,67.4,0.0,0.2,3.5835082879891678
324,Iran,2009,0.38,149.41,0.0,65.07,0.0,0.23,3.8157125314519686
325,Iran,2010,0.35,173.85,0.0,51.05,0.0,0.17,4.1334379374402275
326,Iran,2011,0.43,142.33,0.11,81.81,0.0,0.21,4.246569645500111
327,Iran,2012,0.4,156.36,1.45,77.74,0.0,0.28,3.9930636159307595
328,Iran,2013,0.46,137.69,4.26,101.59,0.0,0.22,3.922868018254617
329,Iran,2014,0.53,192.0,4.07,64.28,0.0,0.2,4.033241881906765
330,Iran,2015,0.46,206.61,3.5,56.26,0.0,0.14,4.027215862235362
331,Iran,2016,0.49,225.31,6.47,38.26,0.0,0.16,4.215323404174321
332,Iran,2017,0.69,252.5,6.96,27.36,0.09,0.32,4.504298251345149
333,Iran,2018,0.69,266.29,6.89,27.65,0.22,0.75,4.392751861395785
334,Italy,1985,30.023,24.712,7.024,76.174,0.0,0.0,1.0
335,Italy,1986,31.004,26.871,8.758,77.483,0.0,0.0,1.0283976345432935
336,Italy,1987,33.035,31.732,0.174,89.941,0.0,0.0,1.0602770695046992
337,Italy,1988,33.897,32.42,0.0,89.702,0.0,0.0,1.1012606398200293
338,Italy,1989,31.867,34.407,0.0,102.784,0.002,0.002,1.1329757583977447
339,Italy,1990,32.05,39.71,0.0,106.49,0.0,0.0,1.1575214179413953
340,Italy,1991,28.5,36.34,0.0,108.06,0.0,0.0,1.1835967211169482
341,Italy,1992,21.36,35.48,0.0,119.76,0.01,0.0,1.2017965600704401
342,Italy,1993,16.66,39.96,0.0,117.55,0.01,0.0,1.199935096056705
343,Italy,1994,19.86,40.8,0.0,119.54,0.01,0.01,1.2343464223295066
344,Italy,1995,24.12,47.0,0.0,124.42,0.01,0.01,1.2788940540810667
345,Italy,1996,22.08,50.19,0.0,120.56,0.01,0.03,1.3044635548214674
346,Italy,1997,20.51,61.29,0.0,117.82,0.01,0.12,1.3377220957516194
347,Italy,1998,23.31,70.88,0.0,112.26,0.02,0.23,1.368876091359498
348,Italy,1999,23.81,86.98,0.0,96.49,0.02,0.4,1.399966437504608
349,Italy,2000,26.28,101.36,0.0,90.64,0.02,0.56,1.4621163847393062
350,Italy,2001,31.73,104.19,0.0,80.81,0.02,1.18,1.498461770374332
351,Italy,2002,35.45,99.41,0.0,93.59,0.02,1.4,1.5127240828693382
352,Italy,2003,38.81,117.3,0.0,82.41,0.02,1.46,1.5256592166632854
353,Italy,2004,45.52,129.84,0.0,65.59,0.03,1.84,1.5606611770461734
354,Italy,2005,43.61,149.33,0.0,54.35,0.03,2.34,1.586547382706328
355,Italy,2006,44.21,158.14,0.0,53.68,0.04,2.97,1.6297314352563115
356,Italy,2007,44.11,172.71,0.0,42.67,0.04,4.03,1.665358990681986
357,Italy,2008,43.07,172.77,0.0,38.5,0.19,4.86,1.6594474054412167
358,Italy,2009,39.74,147.36,0.0,31.22,0.68,6.54,1.5794735521058254
359,Italy,2010,39.73,152.81,0.0,28.39,1.91,9.12,1.6174035934286197
360,Italy,2011,44.73,144.6,0.0,27.45,10.8,9.85,1.638132547384146
361,Italy,2012,49.14,129.14,0.0,25.98,18.86,13.41,1.5919469959355859
362,Italy,2013,45.1,108.91,0.0,21.06,21.59,14.9,1.564464720871399
363,Italy,2014,43.45,93.66,0.0,19.65,22.31,15.18,1.5662418673415635
364,Italy,2015,43.2,110.88,0.0,17.98,22.94,14.84,1.5785078077531216
365,Italy,2016,35.61,126.17,0.0,17.41,22.1,17.69,1.5901507237787091
366,Italy,2017,32.63,140.36,0.0,16.45,24.38,17.74,1.616672190151279
367,Italy,2018,28.47,128.56,0.0,15.95,22.65,17.72,1.6295751393218874
368,Japan,1985,99.334,128.043,159.578,183.86,0.0,0.0,1.0
369,Japan,1986,98.774,130.836,165.37,180.843,0.0,0.0,1.0289582461629485
370,Japan,1987,107.333,135.038,188.605,191.793,0.0,0.0,1.0717685216524573
371,Japan,1988,112.198,141.933,173.897,213.049,0.0,0.0,1.138218072985931
372,Japan,1989,116.866,149.588,185.814,231.796,0.0,0.0,1.1932051073628216
373,Japan,1990,119.284,172.93,194.571,287.538,0.001,0.0,1.2538054259289364
374,Japan,1991,125.572,184.344,208.694,275.447,0.001,0.0,1.2961240826566247
375,Japan,1992,131.975,184.159,217.035,282.141,0.01,0.0,1.306636764448519
376,Japan,1993,140.23,182.324,247.7,238.796,0.023,0.001,1.3084522181920262
377,Japan,1994,156.847,199.12,258.248,281.117,0.029,0.001,1.3211941520997736
378,Japan,1995,168.601,201.165,286.888,248.675,0.04,0.001,1.3565587219688915
379,Japan,1996,178.444,212.916,296.501,237.258,0.054,0.002,1.3977718139168795
380,Japan,1997,188.135,219.677,321.157,208.943,0.096,0.001,1.411968527160293
381,Japan,1998,192.232,230.1,325.974,192.404,0.143,0.007,1.395182331573491
382,Japan,1999,211.613,244.687,317.235,193.238,0.218,0.036,1.390783525174807
383,Japan,2000,238.24,258.5,319.12,182.78,0.34,0.11,1.4285774948053114
384,Japan,2001,253.91,256.52,320.54,153.86,0.5,0.25,1.433502121849318
385,Japan,2002,264.43,252.76,314.26,172.99,0.69,0.41,1.434320746151844
386,Japan,2003,292.06,273.1,230.08,185.22,0.95,0.83,1.4553329619985982
387,Japan,2004,295.39,257.86,285.87,169.64,1.27,1.44,1.4865215263101321
388,Japan,2005,319.2,253.09,293.04,184.95,1.63,1.91,1.5103098690645296
389,Japan,2006,311.34,280.04,304.29,154.21,2.0,2.13,1.530834197264027
390,Japan,2007,317.31,296.85,279.01,185.18,2.31,2.74,1.555213299824371
391,Japan,2008,333.7,324.83,251.74,171.45,2.59,2.94,1.5372511812975218
392,Japan,2009,312.08,324.72,274.65,105.29,3.05,3.43,1.4530915393423822
393,Japan,2010,316.85,326.09,292.35,102.5,3.98,3.93,1.5130961232831321
394,Japan,2011,285.07,379.83,162.93,162.87,5.44,4.46,1.5103971060764754
395,Japan,2012,334.3,435.49,17.99,207.77,7.37,4.73,1.5329952232849977
396,Japan,2013,362.55,423.58,14.6,166.48,12.91,5.13,1.5636543246727057
397,Japan,2014,355.6,450.88,0.0,122.34,23.55,5.01,1.568896718307069
398,Japan,2015,349.64,417.5,4.52,104.44,34.54,5.22,1.587810448719828
399,Japan,2016,345.24,421.84,17.68,98.57,43.33,5.34,1.60366626423931
400,Japan,2017,342.88,428.92,29.07,74.45,54.24,5.83,1.6415528898814837
401,Japan,2018,345.13,425.37,49.11,53.78,62.11,6.44,1.6493455891563151
402,Malaysia,1985,0.0,2.194,0.0,9.017,0.0,0.0,1.0
403,Malaysia,1986,0.0,2.862,0.0,9.187,0.0,0.0,1.0126715146415495
404,Malaysia,1987,0.0,3.33,0.0,9.172,0.0,0.0,1.066068960964749
405,Malaysia,1988,0.257,4.03,0.0,9.39,0.0,0.0,1.1604415111461404
406,Malaysia,1989,2.171,4.087,0.0,10.012,0.0,0.0,1.2688959875167365
407,Malaysia,1990,2.932,5.54,0.0,10.555,0.0,0.0,1.390171259146619
408,Malaysia,1991,3.473,7.726,0.0,10.945,0.0,0.0,1.533746764559334
409,Malaysia,1992,3.837,12.672,0.0,10.586,0.0,0.0,1.6823535914634073
410,Malaysia,1993,3.88,15.459,0.0,10.685,0.0,0.0,1.8623246181394641
411,Malaysia,1994,4.081,19.446,0.0,9.744,0.0,0.0,2.0487986171063497
412,Malaysia,1995,3.974,25.447,0.0,10.936,0.0,0.0,2.2666956691521585
413,Malaysia,1996,4.177,32.954,0.0,11.094,0.0,0.0,2.5114420770127333
414,Malaysia,1997,2.46,41.576,0.0,11.726,0.0,0.0,2.715252669574073
415,Malaysia,1998,3.655,44.719,0.0,11.31,0.0,0.0,2.533771816980531
416,Malaysia,1999,4.522,51.129,0.0,4.967,0.0,0.0,2.7088780611175687
417,Malaysia,2000,4.04,55.94,0.0,2.36,0.0,0.0,2.9651110438628128
418,Malaysia,2001,6.24,60.11,0.0,2.79,0.0,0.0,3.0023842747145117
419,Malaysia,2002,9.56,60.01,0.0,5.49,0.0,0.0,3.187364354063085
420,Malaysia,2003,13.44,60.39,0.0,3.97,0.0,0.0,3.3964377047687484
421,Malaysia,2004,22.63,63.88,0.0,3.4,0.0,0.0,3.653246495544049
422,Malaysia,2005,25.23,63.89,0.0,3.03,0.0,0.0,3.8630703054446864
423,Malaysia,2006,26.63,67.39,0.0,3.03,0.0,0.0,4.108670563444859
424,Malaysia,2007,30.86,67.95,0.0,3.02,0.0,0.0,4.399442802339975
425,Malaysia,2008,31.03,71.48,0.0,2.71,0.0,0.0,4.645643045944947
426,Malaysia,2009,37.64,67.35,0.0,2.84,0.0,0.0,4.608706074257762
427,Malaysia,2010,49.4,65.22,0.0,2.8,0.0,0.0,4.991805154197652
428,Malaysia,2011,52.3,55.73,0.0,9.44,0.0,0.0,5.294672542983791
429,Malaysia,2012,55.62,60.99,0.0,6.71,0.01,0.0,5.584205363047361
430,Malaysia,2013,53.66,71.17,0.0,3.1,0.14,0.0,5.846314450833033
431,Malaysia,2014,55.83,73.84,0.0,3.49,0.23,0.0,6.197948007875209
432,Malaysia,2015,63.47,69.96,0.0,1.74,0.27,0.0,6.505964583829576
433,Malaysia,2016,69.15,65.23,0.0,1.18,0.31,0.0,6.7816334735341055
434,Malaysia,2017,68.87,62.13,0.0,1.7,0.33,0.0,7.171034311080288
435,Malaysia,2018,77.29,64.05,0.0,0.93,0.63,0.0,7.511013004592546
436,Mexico,1985,3.864,7.213,0.0,55.062,0.0,0.0,1.0
437,Mexico,1986,6.357,7.652,0.0,60.889,0.0,0.0,0.9693993222591397
438,Mexico,1987,7.312,8.959,0.0,66.191,0.0,0.0,0.9872817803465969
439,Mexico,1988,8.061,8.303,0.0,69.398,0.0,0.0,1.000869227387459
440,Mexico,1989,7.915,9.759,0.372,71.972,0.0,0.0,1.0423528274493337
441,Mexico,1990,7.799,13.208,2.937,64.038,0.001,0.001,1.096396994460693
442,Mexico,1991,9.243,18.932,4.242,67.693,0.002,0.001,1.151739026233253
443,Mexico,1992,9.549,18.776,3.919,66.847,0.003,0.001,1.2009419378265547
444,Mexico,1993,11.559,19.067,4.931,65.925,0.004,0.001,1.231873799664855
445,Mexico,1994,14.285,21.38,4.239,79.72,0.005,0.005,1.2953066345091213
446,Mexico,1995,15.481,22.398,8.443,70.007,0.005,0.007,1.2200730541865517
447,Mexico,1996,18.534,21.168,7.878,71.476,0.006,0.006,1.2929474276653712
448,Mexico,1997,18.392,23.121,10.456,82.511,0.006,0.012,1.392114293760818
449,Mexico,1998,18.688,30.022,9.265,92.333,0.007,0.015,1.4718913604486097
450,Mexico,1999,18.608,32.905,10.002,89.663,0.007,0.017,1.5397629870013732
451,Mexico,2000,17.33,36.65,7.81,87.82,0.01,0.02,1.6523545871920222
452,Mexico,2001,21.3,46.76,8.29,85.27,0.01,0.02,1.6660772648311541
453,Mexico,2002,23.83,63.55,9.26,72.43,0.01,0.02,1.6979681297250553
454,Mexico,2003,26.46,69.0,9.98,65.15,0.01,0.02,1.7395292910784534
455,Mexico,2004,21.35,82.86,8.73,69.57,0.01,0.02,1.8279022253111024
456,Mexico,2005,29.19,76.94,10.32,72.96,0.01,0.02,1.8998122737559373
457,Mexico,2006,28.0,102.38,10.4,52.56,0.01,0.06,2.0110395280783653
458,Mexico,2007,27.93,113.96,9.95,50.11,0.01,0.26,2.0932161090527464
459,Mexico,2008,18.59,114.33,9.36,51.81,0.01,0.27,2.1398708399469095
460,Mexico,2009,25.81,121.11,10.11,48.01,0.01,0.6,2.055298147262283
461,Mexico,2010,30.03,133.27,5.66,44.2,0.03,1.24,2.180287514211209
462,Mexico,2011,31.39,140.96,9.66,47.6,0.04,1.63,2.284525527741772
463,Mexico,2012,32.0,143.61,8.41,53.58,0.07,3.67,2.3767992103928988
464,Mexico,2013,29.87,155.78,11.38,45.6,0.11,4.17,2.4103309895398697
465,Mexico,2014,31.32,161.38,9.3,30.73,0.22,6.35,2.464519198949773
466,Mexico,2015,31.48,173.69,11.18,29.11,0.24,8.45,2.5288444684970726
467,Mexico,2016,31.78,177.08,10.27,30.92,0.46,9.93,2.561196862336036
468,Mexico,2017,28.12,179.25,10.57,35.42,1.07,9.91,2.6154430027893274
469,Mexico,2018,27.0,200.38,13.32,33.19,1.36,12.53,2.6713087695821542
470,Netherlands,1985,14.833,38.213,3.899,3.258,0.0,0.0,1.0
471,Netherlands,1986,15.138,41.502,4.216,3.456,0.0,0.001,1.0275142055198088
472,Netherlands,1987,16.948,41.292,3.556,3.659,0.0,0.002,1.0420763890648617
473,Netherlands,1988,22.255,36.428,3.675,3.796,0.0,0.016,1.0693492606316657
474,Netherlands,1989,22.156,39.93,4.019,3.307,0.0,0.023,1.119353191590477
475,Netherlands,1990,25.01,36.53,3.5,5.94,0.0,0.06,1.1653321363169264
476,Netherlands,1991,22.66,41.01,3.33,6.32,0.0,0.09,1.200667139866856
477,Netherlands,1992,22.63,43.46,3.8,6.16,0.0,0.15,1.22822914807351
478,Netherlands,1993,21.41,44.12,3.95,6.36,0.0,0.17,1.2508643236295736
479,Netherlands,1994,24.11,43.54,3.97,6.78,0.0,0.24,1.2953610137808185
480,Netherlands,1995,27.4,42.01,4.02,6.04,0.0,0.32,1.3434978553301342
481,Netherlands,1996,25.82,47.08,4.16,6.32,0.0,0.44,1.3994840837009268
482,Netherlands,1997,24.44,50.66,2.41,6.76,0.0,0.47,1.4680788972671992
483,Netherlands,1998,26.43,51.06,3.81,7.26,0.0,0.64,1.5434065568392974
484,Netherlands,1999,21.92,51.15,3.83,7.12,0.01,0.64,1.6307750170720567
485,Netherlands,2000,24.28,51.52,3.93,6.69,0.01,0.83,1.70972871928805
486,Netherlands,2001,25.48,53.77,3.98,6.89,0.01,0.83,1.7561494907900002
487,Netherlands,2002,25.99,55.28,3.91,6.59,0.02,0.95,1.7681677360081303
488,Netherlands,2003,26.57,55.02,4.02,7.03,0.03,1.32,1.7834625537420548
489,Netherlands,2004,24.95,59.99,3.82,6.95,0.03,1.87,1.8301836931947446
490,Netherlands,2005,23.5,57.6,4.0,7.12,0.04,2.07,1.880560485110948
491,Netherlands,2006,23.74,57.14,3.47,6.29,0.04,2.74,1.9579932264985052
492,Netherlands,2007,24.92,61.01,4.2,7.28,0.04,3.44,2.0421755216270956
493,Netherlands,2008,23.48,63.36,4.17,6.86,0.04,4.26,2.0888977749287996
494,Netherlands,2009,24.28,68.87,4.25,5.33,0.04,4.58,2.0218355247848576
495,Netherlands,2010,22.59,75.33,3.97,6.03,0.06,3.99,2.0620649665432245
496,Netherlands,2011,21.39,69.47,4.14,6.49,0.1,5.1,2.1085245371191577
497,Netherlands,2012,24.21,56.56,3.91,5.92,0.19,4.98,2.086251455313352
498,Netherlands,2013,24.61,56.07,2.89,5.83,0.41,5.63,2.0822722297113097
499,Netherlands,2014,29.49,51.52,4.09,6.47,0.73,5.8,2.1118014809179564
500,Netherlands,2015,39.39,45.76,4.08,5.88,1.11,7.55,2.1530443396374404
501,Netherlands,2016,36.73,52.51,3.96,5.85,1.6,8.17,2.1997972237870256
502,Netherlands,2017,31.28,57.77,3.4,5.76,2.2,10.57,2.2638312897452657
503,Netherlands,2018,27.47,57.53,3.51,6.26,3.71,10.55,2.3172782208266933
504,Nigeria,2000,0.55,7.9,0.0,0.0,0.0,0.0,1.0
505,Nigeria,2001,0.58,8.4,0.0,0.0,0.0,0.0,1.0941279491917866
506,Nigeria,2002,0.76,11.75,0.0,0.0,0.0,0.0,1.2860675628055849
507,Nigeria,2003,0.73,11.24,0.0,0.0,0.0,0.0,1.4443805500373559
508,Nigeria,2004,0.93,14.27,0.0,0.0,0.0,0.0,1.6365717898880594
509,Nigeria,2005,0.82,14.01,0.0,0.0,0.0,0.0,1.7968909433680262
510,Nigeria,2006,0.87,14.96,0.0,0.0,0.0,0.0,1.9678523346276993
511,Nigeria,2007,0.8,14.94,0.0,0.0,0.0,0.0,2.166926939118366
512,Nigeria,2008,0.66,13.81,0.0,0.0,0.0,0.0,2.3829317487357433
513,Nigeria,2009,0.63,13.7,0.0,0.0,0.0,0.0,2.647865946152841
514,Nigeria,2010,0.82,17.74,0.0,0.0,0.0,0.0,3.021141919947294
515,Nigeria,2011,0.86,19.02,0.0,0.0,0.0,0.0,3.249099159129642
516,Nigeria,2012,0.81,20.85,0.0,0.0,0.02,0.0,3.392529047157189
517,Nigeria,2013,0.74,21.4,0.0,0.0,0.02,0.0,3.5800840827585128
518,Nigeria,2014,0.84,24.42,0.0,0.0,0.02,0.0,3.808876002464446
519,Nigeria,2015,0.69,24.4,0.0,0.0,0.03,0.0,3.9111349986981794
520,Nigeria,2016,0.65,23.24,0.0,0.0,0.03,0.0,3.8505875423748543
521,Nigeria,2017,0.68,24.38,0.0,0.0,0.03,0.0,3.8816232373102437
522,Nigeria,2018,0.62,23.49,0.0,0.0,0.03,0.0,3.9562668956355433
523,Pakistan,2000,0.53,29.64,0.38,15.06,0.0,0.0,1.0
524,Pakistan,2001,0.55,31.31,1.98,15.47,0.0,0.0,1.039508512651638
525,Pakistan,2002,0.55,31.55,1.8,15.59,0.0,0.0,1.0979260313151327
526,Pakistan,2003,0.56,31.87,1.81,15.75,0.0,0.0,1.1829537730283586
527,Pakistan,2004,0.61,34.98,1.93,17.28,0.0,0.0,1.2875766697372808
528,Pakistan,2005,0.65,36.84,2.41,18.21,0.0,0.0,1.39439128080526
529,Pakistan,2006,0.68,39.1,2.55,19.32,0.0,0.0,1.4918815918371362
530,Pakistan,2007,0.68,38.99,2.31,19.27,0.0,0.0,1.5642761534436656
531,Pakistan,2008,0.66,37.92,1.74,18.74,0.0,0.0,1.6244273599270465
532,Pakistan,2009,0.7,40.06,2.64,19.79,0.0,0.01,1.6852496070036798
533,Pakistan,2010,0.62,39.41,2.56,19.28,0.01,0.01,1.751817888591013
534,Pakistan,2011,0.62,40.9,3.84,20.1,0.03,0.02,1.8379482577531343
535,Pakistan,2012,0.6,42.02,5.27,19.51,0.07,0.01,1.9234628887328322
536,Pakistan,2013,0.65,45.49,4.4,21.13,0.14,0.4,2.025136513573535
537,Pakistan,2014,0.6,48.38,4.58,19.3,0.24,0.8,2.13480547020661
538,Pakistan,2015,0.61,50.73,4.33,19.83,0.38,0.79,2.2614531221560417
539,Pakistan,2016,1.04,58.62,5.44,22.91,0.68,1.33,2.396166516699261
540,Pakistan,2017,11.37,57.44,8.11,22.27,0.92,2.1,2.524911954428533
541,Pakistan,2018,11.39,58.95,9.29,17.61,0.92,3.16,2.6361339395883876
542,Poland,1985,131.521,0.081,0.0,1.68,0.0,0.0,1.0
543,Poland,1986,134.281,0.063,0.0,1.622,0.0,0.0,1.031824810168672
544,Poland,1987,139.587,0.165,0.0,1.698,0.0,0.0,1.017990095383498
545,Poland,1988,138.21,0.097,0.0,1.626,0.0,0.0,1.040446810250238
546,Poland,1989,139.668,0.115,0.0,1.691,0.0,0.0,1.02429204861727
547,Poland,1990,130.36,0.13,0.0,2.46,0.0,0.0,0.925032504462229
548,Poland,1991,128.75,0.11,0.0,2.36,0.0,0.0,0.8686155294349053
549,Poland,1992,126.58,0.1,0.0,2.39,0.0,0.0,0.8996278987901881
550,Poland,1993,127.67,0.1,0.0,2.46,0.0,0.0,0.9426526255975738
551,Poland,1994,128.39,0.15,0.0,2.97,0.0,0.0,1.0011533400810704
552,Poland,1995,131.77,0.26,0.0,3.06,0.0,0.0,1.0814153115091456
553,Poland,1996,135.48,0.32,0.0,3.33,0.0,0.0,1.1579164634832881
554,Poland,1997,134.74,0.22,0.0,3.85,0.0,0.0,1.2444403856552242
555,Poland,1998,134.23,0.31,0.0,3.7,0.0,0.0,1.3142017034816411
556,Poland,1999,133.33,0.62,0.0,3.7,0.0,0.0,1.3883749056770558
557,Poland,2000,135.89,0.93,0.0,4.03,0.0,0.0,1.4655170731602611
558,Poland,2001,134.97,1.36,0.0,4.61,0.0,0.01,1.4979562630337382
559,Poland,2002,132.94,2.2,0.0,4.58,0.0,0.06,1.5430383861941845
560,Poland,2003,140.66,2.42,0.0,4.68,0.0,0.12,1.613268220987804
561,Poland,2004,141.12,3.22,0.0,4.72,0.0,0.14,1.712317117884996
562,Poland,2005,141.88,5.16,0.0,4.16,0.0,0.14,1.789052235641594
563,Poland,2006,147.01,4.58,0.0,4.57,0.0,0.26,1.9176456056484297
564,Poland,2007,144.01,4.48,0.0,4.59,0.0,0.52,2.0721192206890535
565,Poland,2008,138.89,4.68,0.0,4.46,0.0,0.84,2.1806957350125793
566,Poland,2009,133.38,4.79,0.0,4.23,0.0,1.08,2.259030171829232
567,Poland,2010,136.51,4.8,0.0,4.81,0.0,1.66,2.358750525154639
568,Poland,2011,139.76,5.82,0.0,4.3,0.0,3.2,2.5006795544932454
569,Poland,2012,134.57,6.26,0.0,3.92,0.0,4.75,2.540868397467081
570,Poland,2013,137.72,5.27,0.0,3.86,0.0,6.0,2.576187083644816
571,Poland,2014,129.52,5.33,0.0,3.68,0.01,7.68,2.6607162475088693
572,Poland,2015,130.52,6.39,0.0,4.64,0.06,10.86,2.7630568614905004
573,Poland,2016,130.32,7.83,0.0,5.13,0.12,12.59,2.8373789510020235
574,Poland,2017,131.16,10.03,0.0,4.61,0.17,14.91,2.9774791835823535
575,Poland,2018,130.56,12.63,0.0,4.68,0.3,12.8,3.1367452920484222
576,Russia,1990,156.855,511.616,118.325,128.494,0.0,0.0,1.0
577,Russia,1991,154.736,501.311,119.984,123.973,0.0,0.0,0.9687286389634165
578,Russia,1992,154.111,460.187,119.626,100.052,0.0,0.0,0.8474808504747262
579,Russia,1993,148.392,429.168,119.186,82.886,0.0,0.0,0.789973162912458
580,Russia,1994,162.485,363.742,97.82,73.27,0.0,0.0,0.7060918524305212
581,Russia,1995,160.296,353.544,99.532,67.792,0.0,0.0,0.6924454337912428
582,Russia,1996,160.631,364.111,109.026,56.508,0.0,0.0,0.6838209772174422
583,Russia,1997,157.022,356.868,108.498,51.792,0.0,0.0,0.7083576715360216
584,Russia,1998,162.973,346.504,103.719,52.943,0.0,0.0,0.6863977490820536
585,Russia,1999,161.341,358.634,121.874,40.902,0.0,0.0,0.7461174658514509
586,Russia,2000,164.74,347.44,122.46,34.62,0.0,0.0,0.83956180591476
587,Russia,2001,158.14,353.01,125.36,32.62,0.0,0.0,0.8994417494332237
588,Russia,2002,159.59,360.46,134.14,30.14,0.0,0.01,0.9666674072004601
589,Russia,2003,161.3,381.0,141.17,28.89,0.0,0.01,1.0610111743692063
590,Russia,2004,150.6,395.63,137.47,25.88,0.0,0.01,1.163663802134323
591,Russia,2005,154.99,411.54,137.64,24.11,0.0,0.01,1.2648793895468011
592,Russia,2006,167.46,428.84,144.65,27.17,0.0,0.0,1.3984242059971665
593,Russia,2007,159.15,455.98,147.99,19.81,0.0,0.01,1.5544927744736716
594,Russia,2008,184.36,463.56,152.06,19.28,0.0,0.0,1.6733223034277451
595,Russia,2009,153.74,439.39,152.78,19.26,0.0,0.0,1.5791429776216164
596,Russia,2010,155.63,487.74,159.41,13.08,0.0,0.0,1.6891828228638641
597,Russia,2011,154.03,486.62,162.02,29.86,0.0,0.0,1.7986589099680683
598,Russia,2012,158.42,492.71,166.29,30.45,0.0,0.0,1.864851201639899
599,Russia,2013,151.78,496.93,161.38,12.28,0.0,0.0,1.892952816115482
600,Russia,2014,148.34,499.93,169.07,14.66,0.16,0.1,1.9401703461076365
601,Russia,2015,148.57,496.41,182.81,13.88,0.34,0.15,1.8873748107977828
602,Russia,2016,160.64,488.9,184.05,14.45,0.46,0.15,1.886769335128997
603,Russia,2017,163.77,485.89,190.12,10.72,0.56,0.14,1.9206179680690876
604,Russia,2018,166.75,494.49,181.76,11.6,0.72,0.23,1.9693056124151371
605,Saudi Arabia,1985,0.0,29.753,0.0,21.901,0.0,0.0,1.0
606,Saudi Arabia,1986,0.0,30.84,0.0,24.845,0.0,0.0,0.9390874789006576
607,Saudi Arabia,1987,0.0,33.07,0.0,31.93,0.0,0.0,0.9824510059760804
608,Saudi Arabia,1988,0.0,34.577,0.0,35.514,0.0,0.0,1.0138452423422362
609,Saudi Arabia,1989,0.0,38.834,0.0,36.896,0.0,0.0,1.0504809277966567
610,Saudi Arabia,1990,0.0,40.729,0.0,39.152,0.0,0.0,1.197584102920645
611,Saudi Arabia,1991,0.0,42.756,0.0,42.24,0.0,0.0,1.4527341492228676
612,Saudi Arabia,1992,0.0,43.897,0.0,49.576,0.0,0.0,1.5925056703816964
613,Saudi Arabia,1993,0.0,47.876,0.0,54.793,0.0,0.0,1.6546909273381514
614,Saudi Arabia,1994,0.0,50.478,0.0,55.568,0.0,0.0,1.7508827932486877
615,Saudi Arabia,1995,0.0,49.808,0.0,60.12,0.0,0.0,1.8438891548825962
616,Saudi Arabia,1996,0.0,49.519,0.0,62.648,0.0,0.0,1.9865228402991773
617,Saudi Arabia,1997,0.0,52.911,0.0,66.194,0.0,0.0,2.1060744459286687
618,Saudi Arabia,1998,0.0,53.601,0.0,72.567,0.0,0.0,2.2714583487091713
619,Saudi Arabia,1999,0.0,54.902,0.0,76.098,0.0,0.0,2.2924486895865934
620,Saudi Arabia,2000,0.0,63.84,0.0,74.84,0.0,0.0,2.5420235494484387
621,Saudi Arabia,2001,0.0,76.65,0.0,69.44,0.0,0.0,2.6396734282854166
622,Saudi Arabia,2002,0.0,86.51,0.0,68.4,0.0,0.0,2.6992162285667924
623,Saudi Arabia,2003,0.0,91.36,0.0,75.22,0.0,0.0,3.1627303669798423
624,Saudi Arabia,2004,0.0,98.74,0.0,74.67,0.0,0.0,3.599175985773721
625,Saudi Arabia,2005,0.0,107.93,0.0,83.12,0.0,0.0,4.007862770200697
626,Saudi Arabia,2006,0.0,104.55,0.0,91.76,0.0,0.0,4.347406265910264
627,Saudi Arabia,2007,0.0,102.71,0.0,101.72,0.0,0.0,4.674912376900262
628,Saudi Arabia,2008,0.0,100.71,0.0,103.49,0.0,0.0,5.248314737163086
629,Saudi Arabia,2009,0.0,94.09,0.0,123.22,0.0,0.0,5.436806116495472
630,Saudi Arabia,2010,0.0,111.38,0.0,137.39,0.0,0.0,6.031006211298696
631,Saudi Arabia,2011,0.0,115.6,0.0,143.54,0.01,0.0,7.050993465190836
632,Saudi Arabia,2012,0.0,131.49,0.0,150.11,0.03,0.0,7.481924406614818
633,Saudi Arabia,2013,0.0,138.8,0.0,155.88,0.04,0.0,7.73350169058934
634,Saudi Arabia,2014,0.0,152.48,0.0,175.67,0.05,0.0,8.06544251987723
635,Saudi Arabia,2015,0.0,165.33,0.0,185.26,0.05,0.0,8.435691215565864
636,Saudi Arabia,2016,0.0,188.56,0.0,169.05,0.05,0.0,8.581303651730925
637,Saudi Arabia,2017,0.0,222.73,0.0,172.19,0.07,0.0,8.517630382984917
638,Saudi Arabia,2018,0.0,226.68,0.0,147.93,0.16,0.0,8.724949798777512
639,South Africa,1985,135.403,0.0,5.315,0.042,0.0,0.0,1.0
640,South Africa,1986,135.988,0.0,8.803,0.042,0.0,0.0,1.0008222999167586
641,South Africa,1987,142.773,0.0,6.167,0.042,0.0,0.0,1.0210080136973576
642,South Africa,1988,143.032,0.0,10.493,0.051,0.0,0.0,1.0630713849517242
643,South Africa,1989,148.462,0.0,11.099,0.0,0.0,0.0,1.0852317571823331
644,South Africa,1990,155.926,0.0,8.449,0.0,0.0,0.0,1.075058071139243
645,South Africa,1991,155.388,0.0,9.144,0.0,0.0,0.0,1.0844090077985524
646,South Africa,1992,156.717,0.0,9.288,0.0,0.0,0.0,1.0815426816880542
647,South Africa,1993,165.96,0.0,7.255,0.0,0.0,0.0,1.1158095230675464
648,South Africa,1994,169.402,0.0,9.697,0.0,0.0,0.0,1.1738343672073654
649,South Africa,1995,173.551,0.0,11.301,0.0,0.0,0.0,1.2336882424820648
650,South Africa,1996,184.718,0.0,11.775,0.0,0.0,0.0,1.3113357680462507
651,South Africa,1997,192.869,0.0,12.647,0.0,0.0,0.0,1.3718680388794966
652,South Africa,1998,187.527,0.0,13.601,0.0,0.0,0.0,1.4053148276773402
653,South Africa,1999,186.662,0.0,12.837,0.0,0.0,0.0,1.465975046789517
654,South Africa,2000,181.68,0.0,13.01,0.0,0.0,0.0,1.556056927695139
655,South Africa,2001,183.37,0.0,10.72,0.0,0.0,0.0,1.6291828150179517
656,South Africa,2002,188.79,0.0,11.99,0.0,0.02,0.0,1.7212971857970818
657,South Africa,2003,204.4,0.0,12.66,0.0,0.02,0.01,1.8060242664248733
658,South Africa,2004,212.63,0.0,14.28,0.0,0.02,0.01,1.924280538137876
659,South Africa,2005,215.16,0.08,12.24,0.0,0.02,0.01,2.0646353054547917
660,South Africa,2006,223.23,0.02,10.07,0.0,0.02,0.01,2.2220080928035535
661,South Africa,2007,231.75,0.08,12.6,1.09,0.02,0.01,2.38580795892231
662,South Africa,2008,226.11,0.08,12.75,0.13,0.02,0.02,2.508978553231578
663,South Africa,2009,218.11,0.01,11.57,0.05,0.02,0.03,2.5177776192990353
664,South Africa,2010,226.63,0.76,12.9,0.19,0.02,0.03,2.643815363741675
665,South Africa,2011,227.56,0.83,12.94,0.67,0.02,0.04,2.7830320805588733
666,South Africa,2012,223.39,1.66,12.4,1.8,0.03,0.04,2.8444403626180077
667,South Africa,2013,217.08,2.8,13.61,3.41,0.05,0.01,2.915333297775498
668,South Africa,2014,212.05,2.9,14.76,3.47,1.08,1.06,2.964876549387736
669,South Africa,2015,211.28,0.0,10.97,3.71,2.4,2.5,3.0032610330669893
670,South Africa,2016,213.06,0.0,15.21,0.03,3.01,3.7,3.011692135465765
671,South Africa,2017,212.66,0.0,15.09,0.11,3.94,4.92,3.0543076020454945
672,South Africa,2018,213.13,0.0,10.56,1.13,4.24,6.47,3.0783450983823384
673,South Korea,1985,24.761,0.058,16.745,17.444,0.0,0.0,1.0
674,South Korea,1986,24.995,0.053,28.311,12.302,0.0,0.0,1.1122426911329177
675,South Korea,1987,23.65,9.537,39.314,2.406,0.0,0.0,1.2509083568833266
676,South Korea,1988,29.56,11.064,40.101,8.818,0.0,0.0,1.3998068263044707
677,South Korea,1989,30.619,9.91,47.365,11.171,0.0,0.0,1.4982166420516438
678,South Korea,1990,33.512,12.393,52.887,13.307,0.001,0.0,1.645200686912319
679,South Korea,1991,36.83,13.211,56.311,20.213,0.001,0.0,1.8031665911024441
680,South Korea,1992,42.359,19.539,56.53,23.146,0.002,0.0,1.9013566935247475
681,South Korea,1993,53.503,18.923,58.138,25.328,0.002,0.001,2.017536096343205
682,South Korea,1994,65.101,17.912,58.651,37.601,0.002,0.001,2.1882196313855773
683,South Korea,1995,72.006,29.218,67.029,29.564,0.002,0.0,2.381074271261479
684,South Korea,1996,81.709,34.766,73.924,29.839,0.003,0.0,2.544328704186282
685,South Korea,1997,93.937,42.002,77.086,28.126,0.003,0.001,2.6765288702765035
686,South Korea,1998,102.95,27.877,89.689,10.518,0.004,0.002,2.5126714946796564
687,South Korea,1999,111.097,29.912,103.064,11.906,0.005,0.006,2.777651928047874
688,South Korea,2000,106.82,27.58,103.52,30.53,0.0,0.02,3.0047497597565314
689,South Korea,2001,118.15,31.24,106.53,31.8,0.01,0.01,3.119142088353399
690,South Korea,2002,127.88,39.93,113.15,27.03,0.01,0.01,3.3278483557485035
691,South Korea,2003,127.98,41.86,123.19,26.08,0.01,0.03,3.4018808693323885
692,South Korea,2004,133.99,59.03,124.18,24.35,0.01,0.05,3.5440973888376566
693,South Korea,2005,140.38,60.2,137.59,22.19,0.01,0.13,3.6578153498037356
694,South Korea,2006,144.3,70.14,141.18,20.08,0.03,0.24,3.820815082050781
695,South Korea,2007,160.9,79.47,136.6,21.39,0.07,0.38,4.0018313069371585
696,South Korea,2008,180.87,77.19,144.26,13.05,0.28,0.44,4.086762109023129
697,South Korea,2009,197.14,66.8,141.12,17.2,0.57,0.69,4.087357800430326
698,South Korea,2010,212.62,100.69,141.89,16.67,0.77,0.82,4.322983663444144
699,South Korea,2011,218.49,111.89,147.76,14.96,0.92,0.86,4.451324162537826
700,South Korea,2012,216.93,123.84,143.55,19.36,1.1,0.91,4.553362511214535
701,South Korea,2013,217.87,138.0,132.46,19.44,1.59,1.15,4.685310152006452
702,South Korea,2014,222.84,127.62,149.17,13.3,2.55,1.15,4.841892877426976
703,South Korea,2015,225.44,116.37,157.16,12.23,3.88,1.34,4.976968351310729
704,South Korea,2016,225.23,123.98,154.2,16.46,5.07,1.68,5.11493055373015
705,South Korea,2017,243.81,126.81,141.28,9.48,7.05,2.17,5.276562334863773
706,South Korea,2018,244.99,155.39,127.08,10.3,9.21,2.46,5.417182850976174
707,Spain,1985,54.605,2.514,28.044,7.747,0.0,0.0,1.0
708,Spain,1986,54.808,2.118,37.458,6.187,0.0,0.0,1.0418848925211015
709,Spain,1987,54.724,1.496,41.271,6.436,0.0,0.0,1.1173591332548938
710,Spain,1988,43.071,1.365,50.466,6.937,0.0,0.0,1.1916023677276073
711,Spain,1989,59.622,1.398,56.126,9.138,0.006,0.013,1.271804862642601
712,Spain,1990,59.74,1.51,54.27,9.66,0.01,0.01,1.3357282751359774
713,Spain,1991,58.8,1.36,55.58,11.2,0.01,0.01,1.3909178296084965
714,Spain,1992,64.22,1.71,55.78,15.38,0.01,0.1,1.4237368293154768
715,Spain,1993,62.42,1.2,56.06,10.65,0.01,0.12,1.4119462367595628
716,Spain,1994,61.57,3.24,55.31,11.72,0.01,0.17,1.4623568288083946
717,Spain,1995,65.91,3.75,55.46,16.1,0.02,0.27,1.5290835503966416
718,Spain,1996,53.94,6.79,56.33,15.06,0.02,0.36,1.5827644767690838
719,Spain,1997,62.67,18.17,55.3,16.03,0.02,0.74,1.6559363549039792
720,Spain,1998,61.58,16.21,58.99,19.72,0.02,1.35,1.747063581768604
721,Spain,1999,73.61,19.06,58.85,26.9,0.03,2.74,1.8455102771599077
722,Spain,2000,79.09,20.18,62.21,24.95,0.01,4.73,1.9586477755694867
723,Spain,2001,70.27,23.36,63.71,26.43,0.02,6.76,2.05694558785614
724,Spain,2002,81.18,32.39,63.02,30.15,0.02,9.34,2.130651523348541
725,Spain,2003,74.73,39.37,61.88,25.57,0.02,12.07,2.216204895568227
726,Spain,2004,79.1,55.46,63.61,25.35,0.02,15.7,2.3097590559653445
727,Spain,2005,79.06,79.01,57.54,26.58,0.05,21.18,2.4113753638287454
728,Spain,2006,66.74,90.57,60.13,25.67,0.12,23.3,2.533620664604454
729,Spain,2007,72.8,94.8,55.1,20.53,0.52,27.57,2.647933714370658
730,Spain,2008,48.71,120.8,58.97,20.04,2.58,32.95,2.699465560594092
731,Spain,2009,35.91,107.75,52.76,21.03,6.06,38.12,2.626080082670643
732,Spain,2010,25.33,94.85,61.99,18.21,7.19,44.27,2.647921210968401
733,Spain,2011,43.98,85.51,57.72,16.63,9.4,42.92,2.6417637484459022
734,Spain,2012,55.07,73.31,61.47,16.95,11.97,49.47,2.568106900384584
735,Spain,2013,39.94,57.54,56.73,15.84,13.1,55.64,2.5247691819845888
736,Spain,2014,43.81,47.27,57.31,16.29,13.67,52.01,2.562040666389662
737,Spain,2015,51.37,52.5,57.2,19.32,13.86,49.32,2.6454469265884732
738,Spain,2016,36.43,52.83,58.63,18.67,13.64,48.9,2.5032714341599203
739,Spain,2017,45.13,64.04,58.04,17.76,14.4,49.13,2.5756603446146054
740,Spain,2018,37.34,58.0,55.77,16.89,12.74,50.89,2.6362143217442617
741,Taiwan,1985,14.661,0.0,28.727,5.24,0.0,0.0,1.0
742,Taiwan,1986,20.482,0.0,26.941,7.488,0.0,0.0,1.1162931645581677
743,Taiwan,1987,22.662,0.0,33.128,6.268,0.0,0.0,1.2972174483208083
744,Taiwan,1988,23.793,0.0,30.651,15.66,0.0,0.0,1.3573044660696665
745,Taiwan,1989,26.526,0.13,28.276,22.248,0.0,0.0,1.468986769523625
746,Taiwan,1990,25.364,1.203,32.866,22.36,0.0,0.0,1.548209277606623
747,Taiwan,1991,29.664,2.87,35.29,25.597,0.0,0.0,1.6717438398149465
748,Taiwan,1992,37.661,3.021,33.845,22.375,0.0,0.0,1.8039816057719709
749,Taiwan,1993,44.945,2.608,34.354,26.332,0.0,0.0,1.919829997070831
750,Taiwan,1994,48.46,5.383,34.871,26.732,0.0,0.0,2.0564519906044327
751,Taiwan,1995,50.545,5.844,35.316,32.029,0.0,0.0,2.1823294116339604
752,Taiwan,1996,60.068,6.229,37.788,28.143,0.0,0.0,2.3088401364405278
753,Taiwan,1997,65.761,8.971,36.269,29.136,0.0,0.0,2.4413571657076085
754,Taiwan,1998,70.437,14.283,36.866,30.066,0.0,0.0,2.53509199892359
755,Taiwan,1999,73.831,15.449,38.007,31.584,0.0,0.0,2.695814304981254
756,Taiwan,2000,87.54,17.76,38.5,31.15,0.0,0.0,2.858798977251709
757,Taiwan,2001,95.81,20.67,35.49,26.1,0.0,0.01,2.8127241826309017
758,Taiwan,2002,103.73,26.45,39.55,21.16,0.0,0.02,2.958984491281158
759,Taiwan,2003,113.41,28.61,38.89,19.5,0.0,0.02,3.069980464269299
760,Taiwan,2004,116.43,36.49,39.49,17.6,0.0,0.03,3.2581582116352306
761,Taiwan,2005,121.2,39.26,39.97,17.26,0.0,0.09,3.4224320357406235
762,Taiwan,2006,125.17,40.45,39.87,19.95,0.0,0.28,3.602131863403885
763,Taiwan,2007,129.63,45.42,40.54,16.89,0.0,0.44,3.8231893330623787
764,Taiwan,2008,123.28,48.92,40.83,15.12,0.0,0.59,3.8364618815107527
765,Taiwan,2009,121.77,47.69,41.57,9.44,0.01,0.79,3.7630148371532925
766,Taiwan,2010,123.39,60.74,41.63,11.19,0.02,1.03,4.148343908241602
767,Taiwan,2011,125.51,64.73,42.12,9.55,0.06,1.49,4.290863136369879
768,Taiwan,2012,123.46,66.84,40.42,7.67,0.16,1.41,4.379386589169378
769,Taiwan,2013,122.49,68.96,41.64,6.86,0.32,1.64,4.475830705151765
770,Taiwan,2014,124.47,73.67,42.39,8.08,0.53,1.5,4.655829006392573
771,Taiwan,2015,118.13,79.66,36.47,12.09,0.85,1.53,4.689410459117455
772,Taiwan,2016,122.2,83.96,31.66,11.98,1.11,1.46,4.755040035943839
773,Taiwan,2017,128.91,92.1,22.45,12.8,1.67,1.72,4.912479450173567
774,Taiwan,2018,132.29,93.13,27.68,8.24,2.71,1.71,5.047326954783634
775,Thailand,1985,5.313,10.666,0.0,3.352,0.0,0.0,1.0
776,Thailand,1986,5.541,10.252,0.0,3.345,0.0,0.0,1.055228555946272
777,Thailand,1987,6.698,15.624,0.0,2.191,0.0,0.0,1.1558193868244282
778,Thailand,1988,6.799,18.72,0.0,3.145,0.0,0.0,1.3094837223198577
779,Thailand,1989,7.87,19.195,0.0,4.755,0.0,0.0,1.4689769485512836
780,Thailand,1990,11.053,17.765,0.0,10.369,0.0,0.0,1.6329679928211338
781,Thailand,1991,13.785,19.051,0.0,12.749,0.0,0.0,1.7589806713542129
782,Thailand,1992,14.815,22.943,0.0,15.09,0.0,0.0,1.9092062711114168
783,Thailand,1993,13.504,27.953,0.0,18.238,0.0,0.0,2.0616045123101907
784,Thailand,1994,14.131,31.485,0.0,21.032,0.0,0.0,2.2123184345954985
785,Thailand,1995,15.165,33.863,0.0,23.973,0.0,0.0,2.3767823115928293
786,Thailand,1996,17.58,36.433,0.0,25.556,0.0,0.0,2.4953380950905735
787,Thailand,1997,19.026,44.574,0.0,21.707,0.0,0.0,2.4113114400316307
788,Thailand,1998,16.59,49.021,0.0,18.523,0.0,0.0,2.212952466265052
789,Thailand,1999,16.633,53.804,0.0,15.887,0.0,0.0,2.29949634519467
790,Thailand,2000,16.98,57.01,0.0,9.15,0.0,0.0,2.3869788010264226
791,Thailand,2001,19.17,67.28,0.0,2.52,0.0,0.0,2.453560790116352
792,Thailand,2002,17.98,73.55,0.0,1.98,0.0,0.0,2.5877807001284867
793,Thailand,2003,18.07,80.2,0.0,2.35,0.0,0.0,2.756252234863183
794,Thailand,2004,19.19,84.91,0.0,5.36,0.0,0.0,2.91109720821285
795,Thailand,2005,19.39,88.84,0.0,7.35,0.0,0.0,3.013724750968638
796,Thailand,2006,23.04,88.94,0.0,7.43,0.0,0.0,3.143478610160574
797,Thailand,2007,28.54,90.81,0.0,2.77,0.0,0.0,3.2932550056997214
798,Thailand,2008,28.83,97.65,0.0,0.95,0.0,0.0,3.3287820448532117
799,Thailand,2009,27.94,99.69,0.0,0.46,0.01,0.0,3.2850674646451865
800,Thailand,2010,28.35,112.8,0.0,0.57,0.02,0.0,3.5092951930685503
801,Thailand,2011,30.37,103.67,0.0,1.27,0.09,0.0,3.516575924439177
802,Thailand,2012,32.0,110.47,0.0,1.26,0.5,0.14,3.7710788619879767
803,Thailand,2013,33.61,113.33,0.0,1.35,1.26,0.31,3.87432599676867
804,Thailand,2014,35.15,112.55,0.0,1.56,1.93,0.31,3.9097075893197037
805,Thailand,2015,32.34,120.2,0.0,0.86,2.38,0.33,4.024554484454804
806,Thailand,2016,36.71,124.8,0.0,0.49,3.38,0.34,4.154513911678732
807,Thailand,2017,36.82,124.72,0.0,0.34,4.54,1.11,4.3234364884044405
808,Thailand,2018,36.74,119.34,0.0,0.18,4.54,1.64,4.502902368574293
809,Turkey,1985,15.028,0.058,0.0,7.082,0.0,0.0,1.0
810,Turkey,1986,19.437,1.341,0.0,7.001,0.0,0.0,1.0757848627711435
811,Turkey,1987,17.653,2.528,0.0,5.496,0.0,0.0,1.1760773982497739
812,Turkey,1988,12.487,3.24,0.0,3.305,0.0,0.0,1.2283858225106226
813,Turkey,1989,20.27,9.524,0.0,4.247,0.0,0.0,1.249181717003553
814,Turkey,1990,20.18,10.19,0.0,3.94,0.0,0.0,1.3717873088472081
815,Turkey,1991,21.56,12.59,0.0,3.29,0.0,0.0,1.4089222674556265
816,Turkey,1992,24.51,10.81,0.0,5.34,0.0,0.0,1.5181671569038484
817,Turkey,1993,23.7,10.79,0.0,5.23,0.0,0.0,1.6682198129206156
818,Turkey,1994,28.19,13.82,0.0,5.6,0.0,0.0,1.6037849905788024
819,Turkey,1995,27.41,16.58,0.0,6.41,0.0,0.0,1.7483984333588334
820,Turkey,1996,29.72,17.17,0.0,7.24,0.0,0.0,1.902597635262798
821,Turkey,1997,32.91,22.09,0.0,8.11,0.0,0.0,2.0808265240047534
822,Turkey,1998,35.03,24.85,0.0,8.59,0.0,0.0,2.1812787267106555
823,Turkey,1999,36.22,36.42,0.0,8.89,0.0,0.02,2.101798431068638
824,Turkey,2000,37.33,46.54,0.0,9.3,0.0,0.03,2.275834785329306
825,Turkey,2001,37.74,49.71,0.0,10.4,0.0,0.06,2.123020966735656
826,Turkey,2002,31.43,52.53,0.0,10.5,0.0,0.05,2.3079263281191995
827,Turkey,2003,31.42,63.54,0.0,9.0,0.0,0.06,2.460064539173971
828,Turkey,2004,33.57,62.27,0.0,7.59,0.0,0.06,2.699550235243664
829,Turkey,2005,42.2,73.48,0.0,6.13,0.0,0.06,2.9495748917790494
830,Turkey,2006,45.61,80.69,0.0,5.35,0.0,0.13,3.179885955674383
831,Turkey,2007,52.33,95.03,0.0,7.59,0.0,0.36,3.3584122003861565
832,Turkey,2008,56.38,98.68,0.0,8.83,0.0,0.85,3.4206116815461622
833,Turkey,2009,54.23,96.1,0.0,6.25,0.0,1.5,3.255060499934803
834,Turkey,2010,53.37,98.14,0.0,3.83,0.0,2.92,3.5964059451985877
835,Turkey,2011,64.59,104.05,0.0,2.55,0.0,4.72,3.9567034932492806
836,Turkey,2012,66.33,104.5,0.0,3.34,0.0,5.86,4.063597608297599
837,Turkey,2013,61.92,105.12,0.0,3.61,0.0,7.56,4.256125810017978
838,Turkey,2014,74.29,120.58,0.0,4.13,0.02,8.52,4.426213794140278
839,Turkey,2015,74.18,99.22,0.0,4.24,0.19,11.65,4.615736668940855
840,Turkey,2016,90.39,89.23,0.0,3.83,1.04,15.52,4.223073124080921
841,Turkey,2017,95.38,110.49,0.0,3.32,2.89,17.9,4.538578889646952
842,Turkey,2018,111.36,92.48,0.0,2.25,7.8,19.95,4.666884481453668
843,Ukraine,1990,111.93,49.89,76.18,50.11,0.0,0.0,1.0
844,Ukraine,1991,104.68,46.43,75.13,40.52,0.0,0.0,0.9282532816385823
845,Ukraine,1992,103.94,42.24,73.75,24.51,0.0,0.0,0.8503338114606652
846,Ukraine,1993,85.81,38.89,75.24,18.73,0.0,0.0,0.7418179802350103
847,Ukraine,1994,75.39,34.26,68.85,12.11,0.0,0.0,0.5815652874403334
848,Ukraine,1995,68.61,32.73,70.52,12.01,0.0,0.0,0.5191766083079982
849,Ukraine,1996,54.82,33.28,79.58,6.49,0.0,0.0,0.47506752841029787
850,Ukraine,1997,53.72,31.02,79.43,3.79,0.0,0.0,0.46847507995016235
851,Ukraine,1998,48.83,29.2,75.24,3.64,0.0,0.0,0.4672733084761741
852,Ukraine,1999,52.55,30.25,72.07,2.75,0.0,0.0,0.4741512590139468
853,Ukraine,2000,50.26,29.95,77.34,2.44,0.0,0.01,0.5105426316842819
854,Ukraine,2001,51.98,30.36,76.17,2.25,0.0,0.02,0.5668287947577035
855,Ukraine,2002,53.5,30.49,77.99,1.94,0.0,0.02,0.6071096955012313
856,Ukraine,2003,53.52,34.24,81.41,1.76,0.0,0.03,0.6760104451077161
857,Ukraine,2004,43.97,37.52,87.02,1.73,0.0,0.03,0.7684029743224545
858,Ukraine,2005,46.22,34.16,88.76,4.37,0.0,0.04,0.8052790596152256
859,Ukraine,2006,61.8,24.45,90.22,3.84,0.0,0.03,0.880733406670124
860,Ukraine,2007,68.06,22.45,92.54,2.62,0.0,0.05,0.9690392455344957
861,Ukraine,2008,68.38,19.31,89.84,3.23,0.0,0.05,1.0073738955955704
862,Ukraine,2009,62.97,11.69,82.92,3.92,0.0,0.04,0.869215271011245
863,Ukraine,2010,67.3,15.7,89.15,3.28,0.0,0.05,0.8860628668835496
864,Ukraine,2011,74.14,18.45,90.25,0.91,0.03,0.09,0.9501667719322056
865,Ukraine,2012,79.97,16.04,90.14,0.98,0.33,0.29,0.952419866319483
866,Ukraine,2013,80.13,13.98,83.21,1.28,0.57,0.64,0.9521866281028529
867,Ukraine,2014,69.54,12.71,88.39,1.17,0.43,1.37,0.8897511361443186
868,Ukraine,2015,55.34,10.1,87.63,1.47,0.48,1.31,0.802791339475185
869,Ukraine,2016,59.6,9.84,80.95,3.22,0.49,1.17,0.821374412684036
870,Ukraine,2017,47.82,7.39,85.58,2.75,0.74,1.82,0.8421141134823517
871,Ukraine,2018,47.71,10.58,84.4,2.52,1.1,1.4,0.869710224971805
872,United Kingdom,1985,177.163,2.896,61.095,48.307,0.001,0.0,1.0
873,United Kingdom,1986,201.361,1.743,59.079,31.235,0.001,0.0,1.0439368502102038
874,United Kingdom,1987,209.924,4.532,55.238,26.268,0.0,0.0,1.093609100607107
875,United Kingdom,1988,203.374,4.778,63.456,28.393,0.001,0.0,1.1481294922354588
876,United Kingdom,1989,199.938,4.949,71.734,29.442,0.0,0.009,1.1731884574315115
877,United Kingdom,1990,204.66,5.0,65.75,36.53,0.0,0.01,1.1777680833863478
878,United Kingdom,1991,209.53,5.82,70.54,30.13,0.0,0.01,1.1635073487986787
879,United Kingdom,1992,192.62,12.58,76.81,30.93,0.0,0.04,1.1665754357221692
880,United Kingdom,1993,169.78,34.04,89.35,22.78,0.0,0.22,1.1947288369925675
881,United Kingdom,1994,160.03,53.26,88.28,16.5,0.0,0.34,1.2399679709154587
882,United Kingdom,1995,153.84,63.74,88.96,19.07,0.0,0.39,1.26985518732247
883,United Kingdom,1996,145.22,84.09,94.67,19.66,0.0,0.49,1.301013314523252
884,United Kingdom,1997,119.72,110.96,98.15,13.41,0.0,0.67,1.3404459978254262
885,United Kingdom,1998,122.97,117.8,99.49,12.17,0.0,0.88,1.3819239698840484
886,United Kingdom,1999,106.18,142.9,95.13,11.42,0.0,0.85,1.4259607828260952
887,United Kingdom,2000,119.95,148.08,85.06,14.06,0.0,0.94,1.4779535014381817
888,United Kingdom,2001,131.46,141.91,90.09,11.77,0.0,0.96,1.5168329550982786
889,United Kingdom,2002,124.28,152.28,87.85,11.71,0.0,1.25,1.551758190664301
890,United Kingdom,2003,138.46,148.88,88.69,11.49,0.0,1.29,1.6040362387971254
891,United Kingdom,2004,131.79,157.06,80.0,10.93,0.0,1.94,1.6430349300542824
892,United Kingdom,2005,134.64,152.64,81.62,12.52,0.01,2.9,1.6903141239138024
893,United Kingdom,2006,148.85,140.83,75.45,14.04,0.01,4.22,1.731007362895987
894,United Kingdom,2007,135.94,165.79,63.03,12.37,0.01,5.27,1.7735681107607575
895,United Kingdom,2008,124.38,176.22,52.49,13.93,0.02,7.13,1.7607855942938198
896,United Kingdom,2009,103.04,166.5,69.1,12.88,0.02,9.28,1.683040220389629
897,United Kingdom,2010,107.59,175.65,62.14,10.5,0.04,10.29,1.7136469634141527
898,United Kingdom,2011,108.44,146.5,68.98,8.85,0.24,15.96,1.737851785513811
899,United Kingdom,2012,142.79,100.17,70.41,9.26,1.35,19.84,1.760686964398401
900,United Kingdom,2013,130.26,95.84,70.61,8.36,2.01,28.4,1.794331856789802
901,United Kingdom,2014,100.24,100.89,63.75,8.69,4.05,31.95,1.8491083580634298
902,United Kingdom,2015,75.88,99.88,70.34,9.41,7.53,40.27,1.8896505764261222
903,United Kingdom,2016,30.67,143.13,71.73,10.64,10.41,37.16,1.9242823829269806
904,United Kingdom,2017,22.53,136.75,70.34,9.71,11.46,49.65,1.9606913730111901
905,United Kingdom,2018,16.83,131.49,65.06,9.34,12.67,56.91,1.9869788032871847
906,United States,1985,1507.665,313.92,403.885,107.744,0.011,0.006,1.0
907,United States,1986,1490.141,267.213,435.83,146.865,0.014,0.004,1.0344330666733421
908,United States,1987,1573.958,293.141,479.232,127.411,0.011,0.004,1.0708195790101893
909,United States,1988,1656.616,271.829,554.708,160.107,0.009,0.001,1.1158534888455662
910,United States,1989,1711.443,379.171,557.216,176.73,0.253,2.133,1.1544684778276826
911,United States,1990,1725.155,400.823,607.223,135.979,0.371,2.817,1.174670305695172
912,United States,1991,1722.536,410.272,644.805,128.765,0.478,2.981,1.1737968110254202
913,United States,1992,1757.501,434.489,651.343,107.693,0.409,2.917,1.2155306819663163
914,United States,1993,1831.211,446.158,642.412,121.278,0.475,3.036,1.2489017735270662
915,United States,1994,1832.272,494.859,674.147,113.872,0.502,3.482,1.29932558488524
916,United States,1995,1853.007,533.396,708.844,80.166,0.514,3.196,1.3346583111220238
917,United States,1996,1945.754,489.307,710.241,87.539,0.541,3.267,1.3853135453058116
918,United States,1997,1998.243,515.482,661.731,99.521,0.533,3.321,1.4474847947347447
919,United States,1998,2029.041,571.244,709.16,138.495,0.525,3.056,1.5119012982980302
920,United States,1999,2037.863,598.275,766.583,126.947,0.518,4.533,1.5827329278063313
921,United States,2000,1966.27,614.99,753.89,116.02,0.49,5.59,1.6474988292375177
922,United States,2001,1903.96,639.13,768.83,135.59,0.54,6.74,1.663578987286791
923,United States,2002,1933.13,691.01,780.06,103.69,0.55,10.35,1.6932963145582134
924,United States,2003,1973.74,649.91,763.73,132.38,0.53,11.19,1.740829471071015
925,United States,2004,1978.3,710.1,788.53,129.88,0.58,14.14,1.806744497349756
926,United States,2005,2012.87,760.96,781.99,126.13,0.55,17.81,1.8671708879139894
927,United States,2006,1990.51,816.44,787.22,71.61,0.51,26.59,1.9169688722984082
928,United States,2007,2016.46,896.59,806.42,75.19,0.61,34.45,1.9510748445119568
929,United States,2008,1985.8,882.98,806.21,55.43,0.86,55.36,1.9453943329103898
930,United States,2009,1755.9,920.98,798.85,48.53,0.89,73.89,1.8913697528236448
931,United States,2010,1847.29,987.7,806.97,47.5,1.21,94.65,1.9391581668489333
932,United States,2011,1733.43,1013.69,790.2,41.81,1.82,120.18,1.9694672334972423
933,United States,2012,1514.04,1225.89,769.33,39.09,4.33,140.82,2.012684846984639
934,United States,2013,1581.11,1124.84,789.02,40.26,9.04,167.84,2.0455480866139206
935,United States,2014,1581.71,1126.61,797.17,43.69,28.92,181.65,2.0930705907527005
936,United States,2015,1352.4,1333.48,797.18,44.44,39.03,190.72,2.146394111474165
937,United States,2016,1239.15,1378.31,805.69,39.5,54.87,226.99,2.179407815886498
938,United States,2017,1205.84,1296.44,804.95,37.89,77.28,254.3,2.234485116835904
939,United States,2018,1149.49,1469.13,807.08,42.68,93.36,272.67,2.3036115675727356
